Zeitpunkt;IP;Browser/OS;Referer
2025-04-30 23:26:01;80.187.64.0;Mozilla/5.0 (Windows NT 10.0; Win64; x64) AppleWebKit/537.36 (KHTML, like Gecko) Chrome/136.0.0.0 Safari/537.36;https://www.sc-laufenburg.de/
2025-04-30 23:51:20;80.187.64.0;Mozilla/5.0 (Windows NT 10.0; Win64; x64) AppleWebKit/537.36 (KHTML, like Gecko) Chrome/136.0.0.0 Safari/537.36;https://www.sc-laufenburg.de/
2025-05-01 00:28:24;80.187.64.0;Mozilla/5.0 (Windows NT 10.0; Win64; x64) AppleWebKit/537.36 (KHTML, like Gecko) Chrome/135.0.0.0 Safari/537.36;https://www.sc-laufenburg.de/?page=datenschutz
2025-05-01 02:56:00;80.187.64.0;Mozilla/5.0 (Windows NT 10.0; Win64; x64) AppleWebKit/537.36 (KHTML, like Gecko) Chrome/136.0.0.0 Safari/537.36;https://www.sc-laufenburg.de/
2025-05-01 02:56:44;80.187.64.0;Mozilla/5.0 (Windows NT 10.0; Win64; x64) AppleWebKit/537.36 (KHTML, like Gecko) Chrome/135.0.0.0 Safari/537.36;https://www.sc-laufenburg.de/?page=datenschutz
2025-05-01 02:56:51;80.187.64.0;Mozilla/5.0 (Windows NT 10.0; Win64; x64) AppleWebKit/537.36 (KHTML, like Gecko) Chrome/135.0.0.0 Safari/537.36;https://www.sc-laufenburg.de/
2025-05-01 03:41:02;80.187.64.0;Mozilla/5.0 (Windows NT 10.0; Win64; x64) AppleWebKit/537.36 (KHTML, like Gecko) Chrome/136.0.0.0 Safari/537.36;https://www.sc-laufenburg.de/
2025-05-01 03:52:04;80.187.64.0;Mozilla/5.0 (Windows NT 10.0; Win64; x64) AppleWebKit/537.36 (KHTML, like Gecko) Chrome/136.0.0.0 Safari/537.36;https://www.sc-laufenburg.de/?page=intern/statistik&token=***
2025-05-01 04:01:21;80.187.64.0;Mozilla/5.0 (Windows NT 10.0; Win64; x64) AppleWebKit/537.36 (KHTML, like Gecko) Chrome/135.0.0.0 Safari/537.36;https://www.sc-laufenburg.de/
2025-05-01 04:31:36;80.187.64.0;Mozilla/5.0 (Windows NT 10.0; Win64; x64) AppleWebKit/537.36 (KHTML, like Gecko) Chrome/136.0.0.0 Safari/537.36;https://www.sc-laufenburg.de/
2025-05-01 16:15:45;80.187.64.0;Mozilla/5.0 (Windows NT 10.0; Win64; x64) AppleWebKit/537.36 (KHTML, like Gecko) Chrome/135.0.0.0 Safari/537.36;https://www.sc-laufenburg.de/app/
2025-05-01 16:16:18;80.187.64.0;Mozilla/5.0 (Windows NT 10.0; Win64; x64) AppleWebKit/537.36 (KHTML, like Gecko) Chrome/135.0.0.0 Safari/537.36;https://www.sc-laufenburg.de/app/
2025-05-01 16:16:25;80.187.64.0;Mozilla/5.0 (Windows NT 10.0; Win64; x64) AppleWebKit/537.36 (KHTML, like Gecko) Chrome/135.0.0.0 Safari/537.36;https://www.sc-laufenburg.de/app/
2025-05-01 16:29:01;80.187.64.0;Mozilla/5.0 (Windows NT 10.0; Win64; x64) AppleWebKit/537.36 (KHTML, like Gecko) Chrome/135.0.0.0 Safari/537.36;https://www.sc-laufenburg.de/app/
2025-05-01 16:34:48;80.187.64.0;Mozilla/5.0 (Windows NT 10.0; Win64; x64) AppleWebKit/537.36 (KHTML, like Gecko) Chrome/135.0.0.0 Safari/537.36;https://www.sc-laufenburg.de/app/
2025-05-01 16:39:01;80.187.64.0;Mozilla/5.0 (Windows NT 10.0; Win64; x64) AppleWebKit/537.36 (KHTML, like Gecko) Chrome/135.0.0.0 Safari/537.36;https://www.sc-laufenburg.de/app/
2025-05-01 16:39:03;80.187.64.0;Mozilla/5.0 (Windows NT 10.0; Win64; x64) AppleWebKit/537.36 (KHTML, like Gecko) Chrome/135.0.0.0 Safari/537.36;https://www.sc-laufenburg.de/app/
2025-05-01 16:39:06;80.187.64.0;Mozilla/5.0 (Windows NT 10.0; Win64; x64) AppleWebKit/537.36 (KHTML, like Gecko) Chrome/135.0.0.0 Safari/537.36;https://www.sc-laufenburg.de/app/
2025-05-01 16:41:47;80.187.64.0;Mozilla/5.0 (Windows NT 10.0; Win64; x64) AppleWebKit/537.36 (KHTML, like Gecko) Chrome/136.0.0.0 Safari/537.36;https://www.sc-laufenburg.de/app/
2025-05-01 16:54:58;80.187.64.0;Mozilla/5.0 (Windows NT 10.0; Win64; x64) AppleWebKit/537.36 (KHTML, like Gecko) Chrome/135.0.0.0 Safari/537.36;https://www.sc-laufenburg.de/app/
2025-05-01 16:55:46;80.187.64.0;Mozilla/5.0 (Windows NT 10.0; Win64; x64) AppleWebKit/537.36 (KHTML, like Gecko) Chrome/135.0.0.0 Safari/537.36;https://www.sc-laufenburg.de/app/
2025-05-01 18:33:37;93.200.145.0;Mozilla/5.0 (Linux; Android 10; K) AppleWebKit/537.36 (KHTML, like Gecko) SamsungBrowser/28.0 Chrome/130.0.0.0 Mobile Safari/537.36;https://www.sc-laufenburg.de/app/
2025-05-01 18:33:42;93.200.145.0;Mozilla/5.0 (Linux; Android 10; K) AppleWebKit/537.36 (KHTML, like Gecko) SamsungBrowser/28.0 Chrome/130.0.0.0 Mobile Safari/537.36;https://www.sc-laufenburg.de/app/
2025-05-01 18:33:48;93.200.145.0;Mozilla/5.0 (Linux; Android 10; K) AppleWebKit/537.36 (KHTML, like Gecko) SamsungBrowser/28.0 Chrome/130.0.0.0 Mobile Safari/537.36;https://www.sc-laufenburg.de/app/
2025-05-01 18:34:27;93.200.145.0;Mozilla/5.0 (Linux; Android 10; K) AppleWebKit/537.36 (KHTML, like Gecko) SamsungBrowser/28.0 Chrome/130.0.0.0 Mobile Safari/537.36;https://www.sc-laufenburg.de/app/
2025-05-01 18:34:36;93.200.145.0;Mozilla/5.0 (Linux; Android 10; K) AppleWebKit/537.36 (KHTML, like Gecko) SamsungBrowser/28.0 Chrome/130.0.0.0 Mobile Safari/537.36;https://www.sc-laufenburg.de/app/
2025-05-01 21:05:39;93.200.145.0;Mozilla/5.0 (Linux; Android 10; K) AppleWebKit/537.36 (KHTML, like Gecko) SamsungBrowser/28.0 Chrome/130.0.0.0 Mobile Safari/537.36;https://www.sc-laufenburg.de/app/
2025-05-01 22:41:27;80.187.64.0;Mozilla/5.0 (Windows NT 10.0; Win64; x64) AppleWebKit/537.36 (KHTML, like Gecko) Chrome/135.0.0.0 Safari/537.36;https://www.sc-laufenburg.de/app/
2025-05-01 22:41:31;80.187.64.0;Mozilla/5.0 (Windows NT 10.0; Win64; x64) AppleWebKit/537.36 (KHTML, like Gecko) Chrome/135.0.0.0 Safari/537.36;https://www.sc-laufenburg.de/app/
2025-05-01 22:47:06;80.187.64.0;Mozilla/5.0 (Windows NT 10.0; Win64; x64) AppleWebKit/537.36 (KHTML, like Gecko) Chrome/135.0.0.0 Safari/537.36;https://www.sc-laufenburg.de/app/
2025-05-01 22:47:26;80.187.64.0;Mozilla/5.0 (Windows NT 10.0; Win64; x64) AppleWebKit/537.36 (KHTML, like Gecko) Chrome/135.0.0.0 Safari/537.36;https://www.sc-laufenburg.de/app/
2025-05-01 22:49:02;80.187.64.0;Mozilla/5.0 (Windows NT 10.0; Win64; x64) AppleWebKit/537.36 (KHTML, like Gecko) Chrome/136.0.0.0 Safari/537.36;https://www.sc-laufenburg.de/app/
2025-05-01 22:54:33;80.187.64.0;Mozilla/5.0 (Windows NT 10.0; Win64; x64) AppleWebKit/537.36 (KHTML, like Gecko) Chrome/136.0.0.0 Safari/537.36;https://www.sc-laufenburg.de/app/
2025-05-01 22:56:17;80.187.64.0;Mozilla/5.0 (Windows NT 10.0; Win64; x64) AppleWebKit/537.36 (KHTML, like Gecko) Chrome/136.0.0.0 Safari/537.36;https://www.sc-laufenburg.de/app/
2025-05-01 22:57:42;80.187.64.0;Mozilla/5.0 (Windows NT 10.0; Win64; x64) AppleWebKit/537.36 (KHTML, like Gecko) Chrome/136.0.0.0 Safari/537.36;https://www.sc-laufenburg.de/app/
2025-05-01 22:58:20;80.187.64.0;Mozilla/5.0 (Windows NT 10.0; Win64; x64) AppleWebKit/537.36 (KHTML, like Gecko) Chrome/136.0.0.0 Safari/537.36;https://www.sc-laufenburg.de/app/
2025-05-01 23:01:56;80.187.64.0;Mozilla/5.0 (Windows NT 10.0; Win64; x64) AppleWebKit/537.36 (KHTML, like Gecko) Chrome/136.0.0.0 Safari/537.36;https://www.sc-laufenburg.de/app/imgs//imgs/Der_16x9_KI_Osterhase_spielt_Schach.webp
2025-05-02 01:51:06;80.187.64.0;Mozilla/5.0 (Linux; Android 10; K) AppleWebKit/537.36 (KHTML, like Gecko) Chrome/135.0.0.0 Mobile Safari/537.36;https://sc-laufenburg.de/app/
2025-05-02 11:36:42;80.187.64.0;Mozilla/5.0 (Linux; Android 10; K) AppleWebKit/537.36 (KHTML, like Gecko) Chrome/136.0.0.0 Mobile Safari/537.36;https://sc-laufenburg.de/app/
2025-05-02 16:47:16;88.65.35.0;Mozilla/5.0 (Windows NT 10.0; Win64; x64; rv:138.0) Gecko/20100101 Firefox/138.0;https://sc-laufenburg.de/app/
2025-05-02 18:51:24;84.57.171.0;Mozilla/5.0 (Windows NT 10.0; Win64; x64; rv:137.0) Gecko/20100101 Firefox/137.0;https://www.sc-laufenburg.de/app/
2025-05-03 01:34:35;80.187.64.0;Mozilla/5.0 (Windows NT 10.0; Win64; x64) AppleWebKit/537.36 (KHTML, like Gecko) Chrome/136.0.0.0 Safari/537.36;https://www.sc-laufenburg.de/app/
2025-05-03 01:44:49;80.187.64.0;Mozilla/5.0 (Windows NT 10.0; Win64; x64) AppleWebKit/537.36 (KHTML, like Gecko) Chrome/136.0.0.0 Safari/537.36;https://www.sc-laufenburg.de/app/
2025-05-03 02:03:25;80.187.64.0;Mozilla/5.0 (Windows NT 10.0; Win64; x64) AppleWebKit/537.36 (KHTML, like Gecko) Chrome/136.0.0.0 Safari/537.36;https://www.sc-laufenburg.de/app/
2025-05-03 02:03:38;80.187.64.0;Mozilla/5.0 (Windows NT 10.0; Win64; x64) AppleWebKit/537.36 (KHTML, like Gecko) Chrome/136.0.0.0 Safari/537.36;https://www.sc-laufenburg.de/app/
2025-05-03 02:04:21;80.187.64.0;Mozilla/5.0 (Windows NT 10.0; Win64; x64) AppleWebKit/537.36 (KHTML, like Gecko) Chrome/136.0.0.0 Safari/537.36;https://www.sc-laufenburg.de/app/
2025-05-03 02:04:40;80.187.64.0;Mozilla/5.0 (Windows NT 10.0; Win64; x64) AppleWebKit/537.36 (KHTML, like Gecko) Chrome/136.0.0.0 Safari/537.36;https://www.sc-laufenburg.de/app/
2025-05-03 02:04:42;80.187.64.0;Mozilla/5.0 (Windows NT 10.0; Win64; x64) AppleWebKit/537.36 (KHTML, like Gecko) Chrome/136.0.0.0 Safari/537.36;https://www.sc-laufenburg.de/app/
2025-05-03 02:08:51;80.187.64.0;Mozilla/5.0 (Windows NT 10.0; Win64; x64) AppleWebKit/537.36 (KHTML, like Gecko) Chrome/136.0.0.0 Safari/537.36;https://www.sc-laufenburg.de/app/
2025-05-03 02:11:24;80.187.64.0;Mozilla/5.0 (Windows NT 10.0; Win64; x64) AppleWebKit/537.36 (KHTML, like Gecko) Chrome/136.0.0.0 Safari/537.36;https://www.sc-laufenburg.de/app/
2025-05-03 02:13:02;80.187.64.0;Mozilla/5.0 (Linux; Android 10; K) AppleWebKit/537.36 (KHTML, like Gecko) Chrome/136.0.0.0 Mobile Safari/537.36;https://sc-laufenburg.de/app/
2025-05-03 02:13:22;80.187.64.0;Mozilla/5.0 (Linux; Android 10; K) AppleWebKit/537.36 (KHTML, like Gecko) Chrome/136.0.0.0 Mobile Safari/537.36;https://sc-laufenburg.de/app/
2025-05-03 02:18:23;80.187.64.0;Mozilla/5.0 (Windows NT 10.0; Win64; x64) AppleWebKit/537.36 (KHTML, like Gecko) Chrome/136.0.0.0 Safari/537.36;https://www.sc-laufenburg.de/app/intern/statistik/?token=***
2025-05-03 02:33:52;40.77.202.0;Mozilla/5.0 AppleWebKit/537.36 (KHTML, like Gecko; compatible; bingbot/2.0; +http://www.bing.com/bingbot.htm) Chrome/112.0.0.0 Safari/537.36;https://sc-laufenburg.de/app/
2025-05-03 02:34:12;80.187.64.0;Mozilla/5.0 (Windows NT 10.0; Win64; x64) AppleWebKit/537.36 (KHTML, like Gecko) Chrome/136.0.0.0 Safari/537.36;https://www.sc-laufenburg.de/intern/statistik/?token=***
2025-05-03 03:18:44;80.187.64.0;Mozilla/5.0 (Windows NT 10.0; Win64; x64) AppleWebKit/537.36 (KHTML, like Gecko) Chrome/136.0.0.0 Safari/537.36;https://www.sc-laufenburg.de/app/
2025-05-03 03:19:37;80.187.64.0;Mozilla/5.0 (Windows NT 10.0; Win64; x64) AppleWebKit/537.36 (KHTML, like Gecko) Chrome/136.0.0.0 Safari/537.36;https://www.sc-laufenburg.de/intern/statistik/?token=***
2025-05-03 03:23:19;80.187.64.0;Mozilla/5.0 (Windows NT 10.0; Win64; x64) AppleWebKit/537.36 (KHTML, like Gecko) Chrome/136.0.0.0 Safari/537.36;https://www.sc-laufenburg.de/intern/statistik/?token=***
2025-05-03 04:29:03;80.187.64.0;Mozilla/5.0 (Windows NT 10.0; Win64; x64) AppleWebKit/537.36 (KHTML, like Gecko) Chrome/136.0.0.0 Safari/537.36;https://www.sc-laufenburg.de/app/
2025-05-03 04:29:50;80.187.64.0;Mozilla/5.0 (Windows NT 10.0; Win64; x64) AppleWebKit/537.36 (KHTML, like Gecko) Chrome/136.0.0.0 Safari/537.36;https://www.sc-laufenburg.de/intern/statistik/?token=***
2025-05-03 05:32:41;80.187.64.0;Mozilla/5.0 (Windows NT 10.0; Win64; x64) AppleWebKit/537.36 (KHTML, like Gecko) Chrome/136.0.0.0 Safari/537.36;https://www.sc-laufenburg.de/app/
2025-05-03 05:33:18;80.187.64.0;Mozilla/5.0 (Windows NT 10.0; Win64; x64) AppleWebKit/537.36 (KHTML, like Gecko) Chrome/136.0.0.0 Safari/537.36;https://www.sc-laufenburg.de/app/
2025-05-03 05:34:18;80.187.64.0;Mozilla/5.0 (Windows NT 10.0; Win64; x64) AppleWebKit/537.36 (KHTML, like Gecko) Chrome/136.0.0.0 Safari/537.36;https://www.sc-laufenburg.de/intern/statistik/?token=***
2025-05-03 06:24:13;80.187.64.0;Mozilla/5.0 (Windows NT 10.0; Win64; x64) AppleWebKit/537.36 (KHTML, like Gecko) Chrome/136.0.0.0 Safari/537.36;https://www.sc-laufenburg.de/app/
2025-05-03 06:24:27;80.187.64.0;Mozilla/5.0 (Windows NT 10.0; Win64; x64) AppleWebKit/537.36 (KHTML, like Gecko) Chrome/136.0.0.0 Safari/537.36;https://www.sc-laufenburg.de/intern/statistik/?token=***
2025-05-03 06:32:13;80.187.64.0;Mozilla/5.0 (Windows NT 10.0; Win64; x64) AppleWebKit/537.36 (KHTML, like Gecko) Chrome/136.0.0.0 Safari/537.36;https://www.sc-laufenburg.de/intern/statistik/?token=***
2025-05-03 06:32:33;80.187.64.0;Mozilla/5.0 (Windows NT 10.0; Win64; x64) AppleWebKit/537.36 (KHTML, like Gecko) Chrome/136.0.0.0 Safari/537.36;https://www.sc-laufenburg.de/intern/statistik/?token=***
2025-05-03 06:32:41;80.187.64.0;Mozilla/5.0 (Windows NT 10.0; Win64; x64) AppleWebKit/537.36 (KHTML, like Gecko) Chrome/136.0.0.0 Safari/537.36;https://www.sc-laufenburg.de/intern/statistik/?token=***
2025-05-03 06:32:58;80.187.64.0;Mozilla/5.0 (Windows NT 10.0; Win64; x64) AppleWebKit/537.36 (KHTML, like Gecko) Chrome/136.0.0.0 Safari/537.36;https://www.sc-laufenburg.de/app/
2025-05-03 06:33:02;80.187.64.0;Mozilla/5.0 (Windows NT 10.0; Win64; x64) AppleWebKit/537.36 (KHTML, like Gecko) Chrome/136.0.0.0 Safari/537.36;https://www.sc-laufenburg.de/intern/statistik/?token=***
2025-05-03 16:04:07;2003:f8:af30:d9dc:a1e9:d209:b65a:31d4;Mozilla/5.0 (Macintosh; Intel Mac OS X 10_15_7) AppleWebKit/605.1.15 (KHTML, like Gecko) Version/18.4 Safari/605.1.15;https://www.sc-laufenburg.de/app/
2025-05-03 17:04:13;80.187.64.0;Mozilla/5.0 (Windows NT 10.0; Win64; x64) AppleWebKit/537.36 (KHTML, like Gecko) Chrome/136.0.0.0 Safari/537.36;https://www.sc-laufenburg.de/app/
2025-05-03 17:04:23;80.187.64.0;Mozilla/5.0 (Windows NT 10.0; Win64; x64) AppleWebKit/537.36 (KHTML, like Gecko) Chrome/136.0.0.0 Safari/537.36;https://www.sc-laufenburg.de/app/
2025-05-03 17:05:07;80.187.64.0;Mozilla/5.0 (Windows NT 10.0; Win64; x64) AppleWebKit/537.36 (KHTML, like Gecko) Chrome/136.0.0.0 Safari/537.36;https://www.sc-laufenburg.de/app/
2025-05-03 17:05:13;80.187.64.0;Mozilla/5.0 (Windows NT 10.0; Win64; x64) AppleWebKit/537.36 (KHTML, like Gecko) Chrome/136.0.0.0 Safari/537.36;https://www.sc-laufenburg.de/intern/statistik/?token=***
2025-05-03 17:07:06;80.187.64.0;Mozilla/5.0 (Windows NT 10.0; Win64; x64) AppleWebKit/537.36 (KHTML, like Gecko) Chrome/136.0.0.0 Safari/537.36;https://www.sc-laufenburg.de/intern/statistik/?token=***
2025-05-03 17:09:49;80.187.64.0;Mozilla/5.0 (Windows NT 10.0; Win64; x64; rv:138.0) Gecko/20100101 Firefox/138.0;https://www.sc-laufenburg.de/intern/statistik/?token=***
2025-05-03 17:10:21;80.187.64.0;Mozilla/5.0 (Windows NT 10.0; Win64; x64) AppleWebKit/537.36 (KHTML, like Gecko) Chrome/136.0.0.0 Safari/537.36;https://www.sc-laufenburg.de/intern/statistik/?token=***
2025-05-03 17:47:54;80.187.64.0;Mozilla/5.0 (Windows NT 10.0; Win64; x64) AppleWebKit/537.36 (KHTML, like Gecko) Chrome/136.0.0.0 Safari/537.36;https://www.sc-laufenburg.de/app/
2025-05-03 17:48:07;80.187.64.0;Mozilla/5.0 (Windows NT 10.0; Win64; x64) AppleWebKit/537.36 (KHTML, like Gecko) Chrome/136.0.0.0 Safari/537.36;https://www.sc-laufenburg.de/intern/statistik/?token=***
2025-05-03 17:48:41;80.187.64.0;Mozilla/5.0 (Windows NT 10.0; Win64; x64) AppleWebKit/537.36 (KHTML, like Gecko) Chrome/136.0.0.0 Safari/537.36;https://www.sc-laufenburg.de/intern/statistik/?token=***
2025-05-03 17:50:00;80.187.64.0;Mozilla/5.0 (Windows NT 10.0; Win64; x64) AppleWebKit/537.36 (KHTML, like Gecko) Chrome/136.0.0.0 Safari/537.36;https://www.sc-laufenburg.de/intern/statistik/?token=***
2025-05-04 20:38:24;80.187.64.0;"Mozilla/5.0 (Windows NT 10.0; Win64; x64) AppleWebKit/537.36 (KHTML, like Gecko) Chrome/136.0.0.0 Safari/537.36";"https://www.sc-laufenburg.de/intern/statistik/?token=***"
2025-05-04 20:38:53;80.187.64.0;"Mozilla/5.0 (Windows NT 10.0; Win64; x64) AppleWebKit/537.36 (KHTML, like Gecko) Chrome/136.0.0.0 Safari/537.36";"https://www.sc-laufenburg.de/intern/statistik/?token=***"
2025-05-04 21:07:03;80.187.64.0;"Mozilla/5.0 (Windows NT 10.0; Win64; x64) AppleWebKit/537.36 (KHTML, like Gecko) Chrome/136.0.0.0 Safari/537.36";"https://www.sc-laufenburg.de/intern/statistik/?token=***"
2025-05-04 21:16:49;80.187.64.0;"Mozilla/5.0 (Windows NT 10.0; Win64; x64) AppleWebKit/537.36 (KHTML, like Gecko) Chrome/136.0.0.0 Safari/537.36";"https://www.sc-laufenburg.de/intern/statistik/?token=***"
2025-05-05 13:06:52;80.187.64.0;"Mozilla/5.0 (Windows NT 10.0; Win64; x64) AppleWebKit/537.36 (KHTML, like Gecko) Chrome/136.0.0.0 Safari/537.36";"https://www.sc-laufenburg.de/intern/statistik/?token=***"
2025-05-05 13:07:23;80.187.64.0;"Mozilla/5.0 (Windows NT 10.0; Win64; x64) AppleWebKit/537.36 (KHTML, like Gecko) Chrome/136.0.0.0 Safari/537.36";"https://www.sc-laufenburg.de/intern/statistik/?token=***"
2025-05-05 13:08:04;80.187.64.0;"Mozilla/5.0 (Windows NT 10.0; Win64; x64) AppleWebKit/537.36 (KHTML, like Gecko) Chrome/136.0.0.0 Safari/537.36";"https://www.sc-laufenburg.de/intern/statistik/?token=***"
2025-05-05 13:15:06;80.187.64.0;"Mozilla/5.0 (Windows NT 10.0; Win64; x64) AppleWebKit/537.36 (KHTML, like Gecko) Chrome/136.0.0.0 Safari/537.36";"https://www.sc-laufenburg.de/intern/statistik/?token=***"
2025-05-05 13:18:44;80.187.64.0;"Mozilla/5.0 (Windows NT 10.0; Win64; x64) AppleWebKit/537.36 (KHTML, like Gecko) Chrome/136.0.0.0 Safari/537.36";"https://www.sc-laufenburg.de/intern/statistik/?token=***"
2025-05-05 13:19:22;80.187.64.0;"Mozilla/5.0 (Windows NT 10.0; Win64; x64) AppleWebKit/537.36 (KHTML, like Gecko) Chrome/136.0.0.0 Safari/537.36";"https://www.sc-laufenburg.de/intern/statistik/?token=***"
2025-05-05 13:20:10;80.187.64.0;"Mozilla/5.0 (Windows NT 10.0; Win64; x64) AppleWebKit/537.36 (KHTML, like Gecko) Chrome/136.0.0.0 Safari/537.36";"https://www.sc-laufenburg.de/intern/statistik/?token=***"
2025-05-05 13:21:44;80.187.64.0;"Mozilla/5.0 (Windows NT 10.0; Win64; x64) AppleWebKit/537.36 (KHTML, like Gecko) Chrome/136.0.0.0 Safari/537.36";"https://www.sc-laufenburg.de/intern/statistik/?token=***"
2025-05-05 13:25:35;80.187.64.0;"Mozilla/5.0 (Windows NT 10.0; Win64; x64) AppleWebKit/537.36 (KHTML, like Gecko) Chrome/136.0.0.0 Safari/537.36";"https://www.sc-laufenburg.de/intern/statistik/?token=***"
2025-05-05 13:26:43;80.187.64.0;"Mozilla/5.0 (Windows NT 10.0; Win64; x64) AppleWebKit/537.36 (KHTML, like Gecko) Chrome/136.0.0.0 Safari/537.36";"https://www.sc-laufenburg.de/intern/statistik/?token=***"
2025-05-05 13:26:57;80.187.64.0;"Mozilla/5.0 (Windows NT 10.0; Win64; x64) AppleWebKit/537.36 (KHTML, like Gecko) Chrome/136.0.0.0 Safari/537.36";"https://www.sc-laufenburg.de/intern/statistik/?token=***"
2025-05-05 14:01:11;80.187.64.0;"Mozilla/5.0 (Windows NT 10.0; Win64; x64) AppleWebKit/537.36 (KHTML, like Gecko) Chrome/136.0.0.0 Safari/537.36";"https://www.sc-laufenburg.de/intern/statistik/?token=***"
2025-05-05 14:24:22;80.187.64.0;"Mozilla/5.0 (Windows NT 10.0; Win64; x64) AppleWebKit/537.36 (KHTML, like Gecko) Chrome/136.0.0.0 Safari/537.36";"https://www.sc-laufenburg.de/intern/statistik/?token=***"
2025-05-05 14:24:45;80.187.64.0;"Mozilla/5.0 (Windows NT 10.0; Win64; x64) AppleWebKit/537.36 (KHTML, like Gecko) Chrome/136.0.0.0 Safari/537.36";"https://www.sc-laufenburg.de/intern/statistik/?token=***"
2025-05-05 14:48:07;80.187.64.0;"Mozilla/5.0 (Windows NT 10.0; Win64; x64) AppleWebKit/537.36 (KHTML, like Gecko) Chrome/136.0.0.0 Safari/537.36";"https://www.sc-laufenburg.de/intern/statistik/?token=***"
2025-05-05 14:48:16;80.187.64.0;"Mozilla/5.0 (Windows NT 10.0; Win64; x64) AppleWebKit/537.36 (KHTML, like Gecko) Chrome/136.0.0.0 Safari/537.36";"https://www.sc-laufenburg.de/intern/statistik/?token=***"
2025-05-05 14:54:54;80.187.64.0;"Mozilla/5.0 (Windows NT 10.0; Win64; x64) AppleWebKit/537.36 (KHTML, like Gecko) Chrome/136.0.0.0 Safari/537.36";"https://www.sc-laufenburg.de/intern/statistik/?token=***"
2025-05-05 14:54:56;80.187.64.0;"Mozilla/5.0 (Windows NT 10.0; Win64; x64) AppleWebKit/537.36 (KHTML, like Gecko) Chrome/136.0.0.0 Safari/537.36";"https://www.sc-laufenburg.de/intern/statistik/?token=***"
2025-05-05 14:54:57;80.187.64.0;"Mozilla/5.0 (Windows NT 10.0; Win64; x64) AppleWebKit/537.36 (KHTML, like Gecko) Chrome/136.0.0.0 Safari/537.36";"https://www.sc-laufenburg.de/intern/statistik/?token=***"
2025-05-05 14:54:58;80.187.64.0;"Mozilla/5.0 (Windows NT 10.0; Win64; x64) AppleWebKit/537.36 (KHTML, like Gecko) Chrome/136.0.0.0 Safari/537.36";"https://www.sc-laufenburg.de/intern/statistik/?token=***"
2025-05-05 14:54:59;80.187.64.0;"Mozilla/5.0 (Windows NT 10.0; Win64; x64) AppleWebKit/537.36 (KHTML, like Gecko) Chrome/136.0.0.0 Safari/537.36";"https://www.sc-laufenburg.de/intern/statistik/?token=***"
2025-05-05 15:05:57;80.187.64.0;"Mozilla/5.0 (Windows NT 10.0; Win64; x64) AppleWebKit/537.36 (KHTML, like Gecko) Chrome/136.0.0.0 Safari/537.36";"https://www.sc-laufenburg.de/intern/statistik/?token=***"
2025-05-05 15:23:51;80.187.64.0;"Mozilla/5.0 (Windows NT 10.0; Win64; x64) AppleWebKit/537.36 (KHTML, like Gecko) Chrome/136.0.0.0 Safari/537.36";"https://www.sc-laufenburg.de/intern/statistik/?token=***"
2025-05-05 15:32:14;80.187.64.0;"Mozilla/5.0 (Windows NT 10.0; Win64; x64) AppleWebKit/537.36 (KHTML, like Gecko) Chrome/136.0.0.0 Safari/537.36";"https://www.sc-laufenburg.de/intern/statistik/?token=***"
2025-05-05 16:03:19;80.187.64.0;"Mozilla/5.0 (Windows NT 10.0; Win64; x64) AppleWebKit/537.36 (KHTML, like Gecko) Chrome/136.0.0.0 Safari/537.36";"https://www.sc-laufenburg.de/intern/statistik/?token=***"
2025-05-05 18:28:28;80.187.64.0;"Mozilla/5.0 (Windows NT 10.0; Win64; x64) AppleWebKit/537.36 (KHTML, like Gecko) Chrome/136.0.0.0 Safari/537.36";"https://www.sc-laufenburg.de/intern/statistik/?token=***"
2025-05-05 19:25:42;80.187.64.0;"Mozilla/5.0 (Windows NT 10.0; Win64; x64) AppleWebKit/537.36 (KHTML, like Gecko) Chrome/136.0.0.0 Safari/537.36";"https://www.sc-laufenburg.de/intern/statistik/?token=***"
2025-05-05 19:52:38;80.187.64.0;"Mozilla/5.0 (Windows NT 10.0; Win64; x64) AppleWebKit/537.36 (KHTML, like Gecko) Chrome/136.0.0.0 Safari/537.36";"https://www.sc-laufenburg.de/intern/statistik/?token=***"
2025-05-05 20:07:32;80.187.64.0;"Mozilla/5.0 (Windows NT 10.0; Win64; x64) AppleWebKit/537.36 (KHTML, like Gecko) Chrome/136.0.0.0 Safari/537.36";"https://www.sc-laufenburg.de/intern/statistik/?token=***"
2025-05-05 20:08:49;80.187.64.0;"Mozilla/5.0 (Windows NT 10.0; Win64; x64) AppleWebKit/537.36 (KHTML, like Gecko) Chrome/136.0.0.0 Safari/537.36";"https://www.sc-laufenburg.de/intern/statistik/?token=***"
2025-05-05 21:17:15;80.187.64.0;"Mozilla/5.0 (Windows NT 10.0; Win64; x64) AppleWebKit/537.36 (KHTML, like Gecko) Chrome/136.0.0.0 Safari/537.36";"https://www.sc-laufenburg.de/intern/statistik/?token=***"
2025-05-05 23:35:59;80.187.64.0;"Mozilla/5.0 (Windows NT 10.0; Win64; x64) AppleWebKit/537.36 (KHTML, like Gecko) Chrome/136.0.0.0 Safari/537.36";"https://www.sc-laufenburg.de/intern/statistik/?token=***"
2025-05-05 23:36:05;80.187.64.0;"Mozilla/5.0 (Windows NT 10.0; Win64; x64) AppleWebKit/537.36 (KHTML, like Gecko) Chrome/136.0.0.0 Safari/537.36";"https://www.sc-laufenburg.de/intern/statistik/?token=***"
2025-05-05 23:37:36;80.187.64.0;"Mozilla/5.0 (Windows NT 10.0; Win64; x64) AppleWebKit/537.36 (KHTML, like Gecko) Chrome/136.0.0.0 Safari/537.36";"https://www.sc-laufenburg.de/intern/statistik/?token=***"
2025-05-06 00:01:56;80.187.64.0;"Mozilla/5.0 (Windows NT 10.0; Win64; x64) AppleWebKit/537.36 (KHTML, like Gecko) Chrome/136.0.0.0 Safari/537.36";"https://www.sc-laufenburg.de/intern/statistik/?token=***"
2025-05-06 00:45:39;80.187.64.0;"Mozilla/5.0 (Windows NT 10.0; Win64; x64) AppleWebKit/537.36 (KHTML, like Gecko) Chrome/136.0.0.0 Safari/537.36";"https://www.sc-laufenburg.de/intern/statistik/?token=***"
2025-05-06 01:50:31;80.187.64.0;"Mozilla/5.0 (Windows NT 10.0; Win64; x64) AppleWebKit/537.36 (KHTML, like Gecko) Chrome/136.0.0.0 Safari/537.36";"https://www.sc-laufenburg.de/intern/statistik/?token=***"
2025-05-06 03:07:44;80.187.64.9999;"Mozilla/5.0 (Windows NT 10.0; Win64; x64) AppleWebKit/537.36 (KHTML, like Gecko) Chrome/136.0.0.0 Safari/537.36";"https://www.sc-laufenburg.de/intern/statistik/?token=***"
2025-05-06 03:35:45;80.187.64.9999;"Mozilla/5.0 (Windows NT 10.0; Win64; x64) AppleWebKit/537.36 (KHTML, like Gecko) Chrome/136.0.0.0 Safari/537.36";"https://www.sc-laufenburg.de/intern/statistik/?token=***"
2025-05-06 04:05:49;80.187.64.9999;"Mozilla/5.0 (Windows NT 10.0; Win64; x64) AppleWebKit/537.36 (KHTML, like Gecko) Chrome/136.0.0.0 Safari/537.36";"https://www.sc-laufenburg.de/intern/statistik/?token=***"
2025-05-06 04:10:22;80.187.64.9999;"Mozilla/5.0 (Windows NT 10.0; Win64; x64) AppleWebKit/537.36 (KHTML, like Gecko) Chrome/136.0.0.0 Safari/537.36";"https://www.sc-laufenburg.de/intern/statistik/?token=***"
2025-05-06 04:13:12;80.187.64.9999;"Mozilla/5.0 (Windows NT 10.0; Win64; x64) AppleWebKit/537.36 (KHTML, like Gecko) Chrome/136.0.0.0 Safari/537.36";"https://www.sc-laufenburg.de/intern/statistik/?token=***"
2025-05-06 04:16:08;80.187.64.9999;"Mozilla/5.0 (Windows NT 10.0; Win64; x64) AppleWebKit/537.36 (KHTML, like Gecko) Chrome/136.0.0.0 Safari/537.36";"https://www.sc-laufenburg.de/intern/statistik/?token=***"
2025-05-06 04:16:19;80.187.64.9999;"Mozilla/5.0 (Windows NT 10.0; Win64; x64) AppleWebKit/537.36 (KHTML, like Gecko) Chrome/136.0.0.0 Safari/537.36";"https://www.sc-laufenburg.de/intern/statistik/?token=***"
2025-05-06 04:38:25;80.187.64.9999;"Mozilla/5.0 (Windows NT 10.0; Win64; x64) AppleWebKit/537.36 (KHTML, like Gecko) Chrome/136.0.0.0 Safari/537.36";"https://www.sc-laufenburg.de/intern/statistik/?token=***"
2025-05-06 04:39:41;80.187.64.9999;"Mozilla/5.0 (Windows NT 10.0; Win64; x64) AppleWebKit/537.36 (KHTML, like Gecko) Chrome/136.0.0.0 Safari/537.36";"https://www.sc-laufenburg.de/intern/statistik/?token=***"
2025-05-06 04:41:58;80.187.64.9999;"Mozilla/5.0 (Windows NT 10.0; Win64; x64) AppleWebKit/537.36 (KHTML, like Gecko) Chrome/136.0.0.0 Safari/537.36";"https://www.sc-laufenburg.de/intern/statistik/?token=***"
2025-05-06 12:39:43;2a02:3038:60a:d007:4a4b:5516:b596:3445;"Mozilla/5.0 (Linux; Android 10; K) AppleWebKit/537.36 (KHTML, like Gecko) SamsungBrowser/28.0 Chrome/130.0.0.0 Mobile Safari/537.36";"https://www.sc-laufenburg.de/intern/statistik/?token=***"
2025-05-06 12:39:58;2a02:3038:60a:d007:4a4b:5516:b596:3445;"Mozilla/5.0 (Linux; Android 10; K) AppleWebKit/537.36 (KHTML, like Gecko) SamsungBrowser/28.0 Chrome/130.0.0.0 Mobile Safari/537.36";"https://www.sc-laufenburg.de/intern/statistik/?token=***"
2025-05-06 12:41:58;80.187.64.9999;"Mozilla/5.0 (Windows NT 10.0; Win64; x64) AppleWebKit/537.36 (KHTML, like Gecko) Chrome/136.0.0.0 Safari/537.36";"https://www.sc-laufenburg.de/intern/statistik/?token=***"
2025-05-06 12:42:43;80.187.64.9999;"Mozilla/5.0 (Windows NT 10.0; Win64; x64) AppleWebKit/537.36 (KHTML, like Gecko) Chrome/136.0.0.0 Safari/537.36";"https://www.sc-laufenburg.de/intern/statistik/?token=***"
2025-05-06 12:43:47;80.187.64.9999;"Mozilla/5.0 (Windows NT 10.0; Win64; x64) AppleWebKit/537.36 (KHTML, like Gecko) Chrome/136.0.0.0 Safari/537.36";"https://www.sc-laufenburg.de/intern/statistik/?token=***"
2025-05-06 13:28:55;80.187.64.9999;"Mozilla/5.0 (Windows NT 10.0; Win64; x64) AppleWebKit/537.36 (KHTML, like Gecko) Chrome/136.0.0.0 Safari/537.36";"https://www.sc-laufenburg.de/intern/statistik/?token=***"
2025-05-06 13:31:20;80.187.64.9999;"Mozilla/5.0 (Windows NT 10.0; Win64; x64) AppleWebKit/537.36 (KHTML, like Gecko) Chrome/136.0.0.0 Safari/537.36";"https://www.sc-laufenburg.de/intern/statistik/?token=***"
2025-05-06 14:28:14;80.187.64.9999;"Mozilla/5.0 (Windows NT 10.0; Win64; x64) AppleWebKit/537.36 (KHTML, like Gecko) Chrome/136.0.0.0 Safari/537.36";"https://www.sc-laufenburg.de/intern/statistik/?token=***"
2025-05-06 19:25:06;2a02:3038:66a:1849:28a9:53ff:fe7c:3426;"Mozilla/5.0 (Linux; Android 10; K) AppleWebKit/537.36 (KHTML, like Gecko) Chrome/136.0.0.0 Mobile Safari/537.36";"https://www.sc-laufenburg.de/intern/statistik/?token=***"
2025-05-06 19:27:15;2a02:3038:66a:1849:28a9:53ff:fe7c:3426;"Mozilla/5.0 (Linux; Android 10; K) AppleWebKit/537.36 (KHTML, like Gecko) Chrome/136.0.0.0 Mobile Safari/537.36";"https://www.sc-laufenburg.de/intern/statistik/?token=***"
2025-05-06 19:27:48;2a02:3038:66a:1849:28a9:53ff:fe7c:3426;"Mozilla/5.0 (Linux; Android 10; K) AppleWebKit/537.36 (KHTML, like Gecko) Chrome/136.0.0.0 Mobile Safari/537.36";"https://www.sc-laufenburg.de/intern/statistik/?token=***"
2025-05-06 19:28:09;2a02:3038:66a:1849:28a9:53ff:fe7c:3426;"Mozilla/5.0 (Linux; Android 10; K) AppleWebKit/537.36 (KHTML, like Gecko) Chrome/136.0.0.0 Mobile Safari/537.36";"https://www.sc-laufenburg.de/intern/statistik/?token=***"
2025-05-06 22:49:29;80.187.64.9999;"Mozilla/5.0 (Linux; Android 10; K) AppleWebKit/537.36 (KHTML, like Gecko) Chrome/136.0.0.0 Mobile Safari/537.36";"https://www.sc-laufenburg.de/intern/statistik/?token=***"
2025-05-06 22:50:38;80.187.64.9999;"Mozilla/5.0 (Linux; Android 10; K) AppleWebKit/537.36 (KHTML, like Gecko) Chrome/136.0.0.0 Mobile Safari/537.36";"https://www.sc-laufenburg.de/intern/statistik/?token=***"
2025-05-06 22:52:42;80.187.64.9999;"Mozilla/5.0 (Linux; Android 10; K) AppleWebKit/537.36 (KHTML, like Gecko) Chrome/136.0.0.0 Mobile Safari/537.36";"https://www.sc-laufenburg.de/intern/statistik/?token=***"
2025-05-07 01:40:51;80.187.64.9999;"Mozilla/5.0 (Windows NT 10.0; Win64; x64) AppleWebKit/537.36 (KHTML, like Gecko) Chrome/136.0.0.0 Safari/537.36";"https://www.sc-laufenburg.de/intern/statistik/?token=***"
2025-05-07 01:40:58;80.187.64.9999;"Mozilla/5.0 (Windows NT 10.0; Win64; x64) AppleWebKit/537.36 (KHTML, like Gecko) Chrome/136.0.0.0 Safari/537.36";"https://www.sc-laufenburg.de/intern/statistik/?token=***"
2025-05-07 02:04:58;80.187.64.9999;"Mozilla/5.0 (Windows NT 10.0; Win64; x64) AppleWebKit/537.36 (KHTML, like Gecko) Chrome/136.0.0.0 Safari/537.36";"https://www.sc-laufenburg.de/intern/statistik/?token=***"
2025-05-07 02:20:34;80.187.64.9999;"Mozilla/5.0 (Windows NT 10.0; Win64; x64) AppleWebKit/537.36 (KHTML, like Gecko) Chrome/136.0.0.0 Safari/537.36";"https://www.sc-laufenburg.de/intern/statistik/?token=***"
2025-05-07 03:02:06;80.187.64.9999;"Mozilla/5.0 (Windows NT 10.0; Win64; x64) AppleWebKit/537.36 (KHTML, like Gecko) Chrome/136.0.0.0 Safari/537.36";"https://www.sc-laufenburg.de/intern/statistik/?token=***"
2025-05-07 03:11:12;80.187.64.9999;"Mozilla/5.0 (Windows NT 10.0; Win64; x64) AppleWebKit/537.36 (KHTML, like Gecko) Chrome/136.0.0.0 Safari/537.36";"https://www.sc-laufenburg.de/intern/statistik/?token=***"
2025-05-07 03:11:57;80.187.64.9999;"Mozilla/5.0 (Windows NT 10.0; Win64; x64) AppleWebKit/537.36 (KHTML, like Gecko) Chrome/136.0.0.0 Safari/537.36";"https://www.sc-laufenburg.de/intern/statistik/?token=***"
2025-05-07 03:24:13;80.187.64.9999;"Mozilla/5.0 (Windows NT 10.0; Win64; x64) AppleWebKit/537.36 (KHTML, like Gecko) Chrome/136.0.0.0 Safari/537.36";"https://www.sc-laufenburg.de/intern/statistik/?token=***"
2025-05-07 04:03:40;80.187.64.9999;"Mozilla/5.0 (Windows NT 10.0; Win64; x64) AppleWebKit/537.36 (KHTML, like Gecko) Chrome/136.0.0.0 Safari/537.36";"https://www.sc-laufenburg.de/intern/statistik/?token=***"
2025-05-07 05:04:05;80.187.64.9999;"Mozilla/5.0 (Windows NT 10.0; Win64; x64) AppleWebKit/537.36 (KHTML, like Gecko) Chrome/136.0.0.0 Safari/537.36";"https://www.sc-laufenburg.de/intern/statistik/?token=***"
2025-05-07 05:20:40;80.187.64.9999;"Mozilla/5.0 (Windows NT 10.0; Win64; x64) AppleWebKit/537.36 (KHTML, like Gecko) Chrome/136.0.0.0 Safari/537.36";"https://www.sc-laufenburg.de/intern/statistik/?token=***"
2025-05-07 05:54:32;80.187.64.9999;"Mozilla/5.0 (Windows NT 10.0; Win64; x64) AppleWebKit/537.36 (KHTML, like Gecko) Chrome/136.0.0.0 Safari/537.36";"https://www.sc-laufenburg.de/intern/statistik/?token=***"
2025-05-07 05:55:05;80.187.64.9999;"Mozilla/5.0 (Windows NT 10.0; Win64; x64) AppleWebKit/537.36 (KHTML, like Gecko) Chrome/136.0.0.0 Safari/537.36";"https://www.sc-laufenburg.de/intern/statistik/?token=***"
2025-05-07 06:07:30;80.187.64.9999;"Mozilla/5.0 (Windows NT 10.0; Win64; x64) AppleWebKit/537.36 (KHTML, like Gecko) Chrome/136.0.0.0 Safari/537.36";"https://www.sc-laufenburg.de/intern/statistik/?token=***"
2025-05-07 06:14:55;80.187.64.9999;"Mozilla/5.0 (Windows NT 10.0; Win64; x64) AppleWebKit/537.36 (KHTML, like Gecko) Chrome/136.0.0.0 Safari/537.36";"https://www.sc-laufenburg.de/intern/statistik/?token=***"
2025-05-07 15:39:48;80.187.64.9999;"Mozilla/5.0 (Windows NT 10.0; Win64; x64) AppleWebKit/537.36 (KHTML, like Gecko) Chrome/136.0.0.0 Safari/537.36";"https://www.sc-laufenburg.de/intern/statistik/?token=***"
2025-05-07 15:41:33;80.187.64.9999;"Mozilla/5.0 (Windows NT 10.0; Win64; x64) AppleWebKit/537.36 (KHTML, like Gecko) Chrome/136.0.0.0 Safari/537.36";"https://www.sc-laufenburg.de/intern/statistik/?token=***"
2025-05-07 15:51:47;80.187.64.9999;"Mozilla/5.0 (Windows NT 10.0; Win64; x64) AppleWebKit/537.36 (KHTML, like Gecko) Chrome/136.0.0.0 Safari/537.36";"https://www.sc-laufenburg.de/intern/statistik/?token=***"
2025-05-07 15:57:08;80.187.64.9999;"Mozilla/5.0 (Windows NT 10.0; Win64; x64) AppleWebKit/537.36 (KHTML, like Gecko) Chrome/136.0.0.0 Safari/537.36";"https://www.sc-laufenburg.de/intern/statistik/?token=***"
2025-05-07 15:58:26;80.187.64.9999;"Mozilla/5.0 (Windows NT 10.0; Win64; x64) AppleWebKit/537.36 (KHTML, like Gecko) Chrome/136.0.0.0 Safari/537.36";"https://www.sc-laufenburg.de/intern/statistik/?token=***"
2025-05-07 16:01:31;80.187.64.9999;"Mozilla/5.0 (Windows NT 10.0; Win64; x64; rv:138.0) Gecko/20100101 Firefox/138.0";"https://www.sc-laufenburg.de/intern/statistik/?token=***"
2025-05-07 18:08:57;80.187.64.9999;"Mozilla/5.0 (Windows NT 10.0; Win64; x64) AppleWebKit/537.36 (KHTML, like Gecko) Chrome/136.0.0.0 Safari/537.36";"https://www.sc-laufenburg.de/intern/statistik/?token=***"
2025-05-07 18:16:27;80.187.64.9999;"Mozilla/5.0 (Windows NT 10.0; Win64; x64) AppleWebKit/537.36 (KHTML, like Gecko) Chrome/136.0.0.0 Safari/537.36";"https://www.sc-laufenburg.de/intern/statistik/?token=***"
2025-05-07 18:19:28;80.187.64.9999;"Mozilla/5.0 (Windows NT 10.0; Win64; x64) AppleWebKit/537.36 (KHTML, like Gecko) Chrome/136.0.0.0 Safari/537.36";"https://www.sc-laufenburg.de/intern/statistik/?token=***"
2025-05-07 18:20:09;80.187.64.9999;"Mozilla/5.0 (Windows NT 10.0; Win64; x64) AppleWebKit/537.36 (KHTML, like Gecko) Chrome/136.0.0.0 Safari/537.36";"https://www.sc-laufenburg.de/intern/statistik/?token=***"
2025-05-07 18:22:11;80.187.64.9999;"Mozilla/5.0 (Windows NT 10.0; Win64; x64) AppleWebKit/537.36 (KHTML, like Gecko) Chrome/136.0.0.0 Safari/537.36";"https://www.sc-laufenburg.de/intern/statistik/?token=***"
2025-05-07 18:32:12;80.187.64.9999;"Mozilla/5.0 (Windows NT 10.0; Win64; x64) AppleWebKit/537.36 (KHTML, like Gecko) Chrome/136.0.0.0 Safari/537.36";"https://www.sc-laufenburg.de/intern/statistik/?token=***"
2025-05-07 18:32:19;80.187.64.9999;"Mozilla/5.0 (Windows NT 10.0; Win64; x64) AppleWebKit/537.36 (KHTML, like Gecko) Chrome/136.0.0.0 Safari/537.36";"https://www.sc-laufenburg.de/intern/statistik/?token=***"
2025-05-07 18:51:17;93.200.145.9999;"Mozilla/5.0 (Linux; Android 10; K) AppleWebKit/537.36 (KHTML, like Gecko) SamsungBrowser/28.0 Chrome/130.0.0.0 Mobile Safari/537.36";"https://www.sc-laufenburg.de/intern/statistik/?token=***"
2025-05-07 21:05:43;93.200.145.9999;"Mozilla/5.0 (Linux; Android 10; K) AppleWebKit/537.36 (KHTML, like Gecko) SamsungBrowser/28.0 Chrome/130.0.0.0 Mobile Safari/537.36";"https://www.sc-laufenburg.de/intern/statistik/?token=***"
2025-05-07 21:30:47;93.200.145.9999;"Mozilla/5.0 (X11; Linux x86_64) AppleWebKit/537.36 (KHTML, like Gecko) Chrome/135.0.0.0 Safari/537.36";"https://www.sc-laufenburg.de/intern/statistik/?token=***"
2025-05-07 21:42:05;93.200.145.9999;"Mozilla/5.0 (X11; Linux x86_64) AppleWebKit/537.36 (KHTML, like Gecko) Chrome/135.0.0.0 Safari/537.36";"https://www.sc-laufenburg.de/intern/statistik/?token=***"
2025-05-07 21:42:46;93.200.145.9999;"Mozilla/5.0 (X11; Linux x86_64) AppleWebKit/537.36 (KHTML, like Gecko) Chrome/135.0.0.0 Safari/537.36";"https://www.sc-laufenburg.de/intern/statistik/?token=***"
2025-05-07 21:42:47;93.200.145.9999;"Mozilla/5.0 (X11; Linux x86_64) AppleWebKit/537.36 (KHTML, like Gecko) Chrome/135.0.0.0 Safari/537.36";"https://www.sc-laufenburg.de/intern/statistik/?token=***"
2025-05-07 21:42:47;93.200.145.9999;"Mozilla/5.0 (X11; Linux x86_64) AppleWebKit/537.36 (KHTML, like Gecko) Chrome/135.0.0.0 Safari/537.36";"https://www.sc-laufenburg.de/intern/statistik/?token=***"
2025-05-07 21:42:48;93.200.145.9999;"Mozilla/5.0 (X11; Linux x86_64) AppleWebKit/537.36 (KHTML, like Gecko) Chrome/135.0.0.0 Safari/537.36";"https://www.sc-laufenburg.de/intern/statistik/?token=***"
2025-05-07 21:42:48;93.200.145.9999;"Mozilla/5.0 (X11; Linux x86_64) AppleWebKit/537.36 (KHTML, like Gecko) Chrome/135.0.0.0 Safari/537.36";"https://www.sc-laufenburg.de/intern/statistik/?token=***"
2025-05-07 21:42:48;93.200.145.9999;"Mozilla/5.0 (X11; Linux x86_64) AppleWebKit/537.36 (KHTML, like Gecko) Chrome/135.0.0.0 Safari/537.36";"https://www.sc-laufenburg.de/intern/statistik/?token=***"
2025-05-07 21:42:48;93.200.145.9999;"Mozilla/5.0 (X11; Linux x86_64) AppleWebKit/537.36 (KHTML, like Gecko) Chrome/135.0.0.0 Safari/537.36";"https://www.sc-laufenburg.de/intern/statistik/?token=***"
2025-05-07 21:42:48;93.200.145.9999;"Mozilla/5.0 (X11; Linux x86_64) AppleWebKit/537.36 (KHTML, like Gecko) Chrome/135.0.0.0 Safari/537.36";"https://www.sc-laufenburg.de/intern/statistik/?token=***"
2025-05-07 21:42:48;93.200.145.9999;"Mozilla/5.0 (X11; Linux x86_64) AppleWebKit/537.36 (KHTML, like Gecko) Chrome/135.0.0.0 Safari/537.36";"https://www.sc-laufenburg.de/intern/statistik/?token=***"
2025-05-07 21:42:49;93.200.145.9999;"Mozilla/5.0 (X11; Linux x86_64) AppleWebKit/537.36 (KHTML, like Gecko) Chrome/135.0.0.0 Safari/537.36";"https://www.sc-laufenburg.de/intern/statistik/?token=***"
2025-05-07 21:42:49;93.200.145.9999;"Mozilla/5.0 (X11; Linux x86_64) AppleWebKit/537.36 (KHTML, like Gecko) Chrome/135.0.0.0 Safari/537.36";"https://www.sc-laufenburg.de/intern/statistik/?token=***"
2025-05-07 21:42:50;93.200.145.9999;"Mozilla/5.0 (X11; Linux x86_64) AppleWebKit/537.36 (KHTML, like Gecko) Chrome/135.0.0.0 Safari/537.36";"https://www.sc-laufenburg.de/intern/statistik/?token=***"
2025-05-07 21:42:50;93.200.145.9999;"Mozilla/5.0 (X11; Linux x86_64) AppleWebKit/537.36 (KHTML, like Gecko) Chrome/135.0.0.0 Safari/537.36";"https://www.sc-laufenburg.de/intern/statistik/?token=***"
2025-05-07 21:42:50;93.200.145.9999;"Mozilla/5.0 (X11; Linux x86_64) AppleWebKit/537.36 (KHTML, like Gecko) Chrome/135.0.0.0 Safari/537.36";"https://www.sc-laufenburg.de/intern/statistik/?token=***"
2025-05-07 21:42:50;93.200.145.9999;"Mozilla/5.0 (X11; Linux x86_64) AppleWebKit/537.36 (KHTML, like Gecko) Chrome/135.0.0.0 Safari/537.36";"https://www.sc-laufenburg.de/intern/statistik/?token=***"
2025-05-07 21:42:50;93.200.145.9999;"Mozilla/5.0 (X11; Linux x86_64) AppleWebKit/537.36 (KHTML, like Gecko) Chrome/135.0.0.0 Safari/537.36";"https://www.sc-laufenburg.de/intern/statistik/?token=***"
2025-05-07 21:42:51;93.200.145.9999;"Mozilla/5.0 (X11; Linux x86_64) AppleWebKit/537.36 (KHTML, like Gecko) Chrome/135.0.0.0 Safari/537.36";"https://www.sc-laufenburg.de/intern/statistik/?token=***"
2025-05-07 21:42:51;93.200.145.9999;"Mozilla/5.0 (X11; Linux x86_64) AppleWebKit/537.36 (KHTML, like Gecko) Chrome/135.0.0.0 Safari/537.36";"https://www.sc-laufenburg.de/intern/statistik/?token=***"
2025-05-07 21:42:51;93.200.145.9999;"Mozilla/5.0 (X11; Linux x86_64) AppleWebKit/537.36 (KHTML, like Gecko) Chrome/135.0.0.0 Safari/537.36";"https://www.sc-laufenburg.de/intern/statistik/?token=***"
2025-05-07 21:42:51;93.200.145.9999;"Mozilla/5.0 (X11; Linux x86_64) AppleWebKit/537.36 (KHTML, like Gecko) Chrome/135.0.0.0 Safari/537.36";"https://www.sc-laufenburg.de/intern/statistik/?token=***"
2025-05-07 22:19:40;80.187.64.9999;"Mozilla/5.0 (Linux; Android 10; K) AppleWebKit/537.36 (KHTML, like Gecko) Chrome/136.0.0.0 Mobile Safari/537.36";"https://www.sc-laufenburg.de/intern/statistik/?token=***"
